{"__Version":"0.1","App":"26fde686-379a-4b84-b21c-ae520aadc612","Test_7F478737223C4B69":"4631498f-e4ef-4ce9-82fe-6bfa0b9eccc3","Host":"8ff32a83-165c-4fd1-bcaa-1819404cc863","NavigationMenu":"e76f3acf-3336-4528-8bd7-af74a90eecea","galNavigation":"5376a62d-47d9-4f27-a61f-2c6009d5fba9","galleryTemplate2_10":"b7598666-d73c-411f-ab72-58ea6495873e","Button5":"314e7c3e-61f8-4879-9a23-b0d2ac434345","cmpEditableText":"9962728b-5960-45ba-a212-d45047cc8798","VerticalContainer":"11f62111-d744-40f9-bc40-9afe85e88dee","lblTitle":"c42785c5-8e40-4602-8acc-00ec03c41021","txtInput":"16650852-e4fc-46ac-9afd-1fae3d330493","lblDisplay":"b95c01f2-d822-4b65-a801-b60ea2ac4e8d","loadingScreen":"851d7735-2bb9-4dbd-a215-a90e76f4f4ce","Container5":"b85ff5c6-e83c-4c09-9f99-4b4bd9446f2b","Image2":"430ad795-0970-4350-bfea-b382a1ec0152","TextCanvas1":"a9ef21bc-1d74-4a04-ad4d-bbc8459a68e0","Timer1":"20a0e352-3fa7-4829-ab85-dee79a82327b","scnDashboard":"0b364b63-7ac8-4b17-99aa-f76872e0b61c","DCC_Container":"3e6518bc-a15d-4181-9d28-dcf90140134c","DCC_Header":"6ba33b36-0f6d-4b4b-bb1f-74657e2b61ff","DCC_MenuIcon":"7b4beedd-2ec5-4ec6-a9ed-36f28a900051","DCC_HeaderTitle":"d278b0fc-336c-43e7-b71e-a243814816a0","DCC_NavigationMenu":"17f3e9a4-d756-4d6d-880e-8b7725e67f12","DCC_Content":"0a805917-0a57-41d7-b605-d4ac8ed9d050","DCC_DatePickerOverlay":"8d0c4422-0364-4811-b3cd-716cb1757842","DCC_DatePickerModal":"fda373e8-8515-4bb5-8582-2676f0746277","DCC_DatePickerModalTitle":"c4e36dea-fa0e-4525-928f-a0b3a38fad75","DCC_DatePickerControl":"6725a431-fe95-4101-98db-0878024eb96c","DCC_DatePickerModalButtons":"02a226c9-e7ec-4f98-86f7-a5e768aab46b","DCC_DatePickerCancelButton":"1a9352e6-cab8-4d7b-93e4-359105adaf55","DCC_DatePickerSelectButton":"ca38603f-ad6f-4b52-baff-d58a8d83c3c1","DCC_DatePickerSection":"b7e99f82-7cee-4eec-9928-002288ac3e51","DCC_DatePickerTitleRow":"3897f900-3b79-44a4-86d2-3465aa5a632b","DCC_DatePickerTitle":"a5d1c93d-f73d-4e0d-b7ae-326104821f58","DCC_RefreshButton":"5afb0072-a352-4425-a638-761a44ce63ca","DCC_DateNavigationRow":"4118adda-d85a-41e7-adcd-c9621c01076a","DCC_ViewDateLabel":"01c3ddec-4aaf-4360-9b88-7d0f6c84f438","DCC_PreviousDayButton":"738f9f63-3840-494d-a744-5ea1d15acf94","DCC_DateDisplay":"7819c7a6-e5d2-43f3-8adb-c87eea7a718b","DCC_NextDayButton":"4551d7db-9bf0-42e1-b1b4-8d743c1c7a0a","DCC_TodayButton":"37769239-0b7c-4122-8eb5-5bd6e2fb1289","DCC_PickDateButton":"cdb1c0b4-912e-4ca6-8d4d-21b6c1d65609","DCC_MainScrollContainer":"e949ab60-6125-4bb8-97c9-4b65eed8f5a3","DCC_SystemStatusCard":"4f68a566-c71d-46bd-9b4d-d00b6576af8a","DCC_StatusCardHeader":"63d79066-a20f-4ef9-9bd7-93eee145d2e1","DCC_StatusPanelsRow":"82059a4b-d947-4007-8e97-cf844f1e2660","DCC_SAPImportPanel":"48f0e5b4-1937-4fda-ae33-db07e978fd6a","DCC_SAPIcon":"8ee6e8b0-b28c-47cc-a566-60662a16fff9","DCC_SAPTitle":"cab5d299-385c-4201-b1ee-b40ddc3523e6","DCC_SAPStatus":"d7b1f853-cde1-4c51-90e1-c3e9a5e0b4b6","DCC_SAPRecordCount":"7c04ddda-cc7e-4a49-b7eb-d853bc737842","DCC_EmailEnginePanel":"7dcf7ffd-830e-4f5d-b701-9f69a0486089","DCC_EmailIcon":"1969e02a-0444-42d2-aa67-a7cb3fdbe3ab","DCC_EmailTitle":"5761ba6f-379c-4186-b165-e21b28169bba","DCC_EmailStatus":"d16e1e45-41d3-402e-9303-73eb09669858","DCC_EmailSkipped":"70a804d5-b482-49cf-bd7e-8b8c7d56504f","DCC_QuickActionsCard":"39aababa-9b5d-4d25-8e46-e4ad20a3a8d2","DCC_QuickActionsHeader":"2e20e80b-6fed-4676-9908-9c73ae126b3e","DCC_QuickActionsButtonsRow":"54ebf94f-1ef2-4c50-8710-b53ceaf7b030","DCC_ReviewEmailsButton":"84631d9c-0236-4f4d-8243-4bcefa4c93e7","DCC_FailedEmailsButton":"efe43ac0-e972-430d-a5bb-fd2bd67cb111","DCC_CustomersButton":"d8f10a6a-f37a-474d-bbb2-167008873558","DCC_TransactionsButton":"c9a2fcba-c4d9-4eed-8234-c8ceb9f5a9b5","DCC_ExportButton":"4170a675-6c7d-46ca-88dd-e8325389c55d","DCC_ActivitySummaryCard":"992b23d7-aa14-42f2-82b1-ef5171ca377c","DCC_ActivityHeader":"e3a826b5-6390-4b62-be82-00fa0e548d1f","DCC_ActivityGallery":"897cd9d8-eb17-4eb8-8c0d-91f9493bab70","a5385f7c-bca8-4453-ba87-088a2e89ca4b":"4aa21b7e-7c70-4410-84b4-e4819a428a2b","DCC_GalleryItemContainer":"8fad0be6-c770-4b69-957e-8083a47088ef","DCC_ActivityIcon":"300736cb-42b5-43df-a774-a9676ab8b2b5","DCC_ActivityDetailsContainer":"71a56060-e86f-4319-9b3e-ab7fb126fc1d","DCC_ActivityText":"33f36a58-1e7f-493b-ad0b-5cb3511c035c","DCC_ActivityTimestamp":"5eb90297-aed8-406e-8b9f-edebdbb82ee8","DCC_ActivityStatusBadge":"ad8a67f2-4250-4d38-a4e8-08769f53a5ea","DCC_ActivityViewButton":"7e98bb91-da91-4e5b-a714-03ac5ee83b38","scnEmailMonitor":"65a356cb-88fb-45a1-9cac-bdec1a4db95c","EmailMon_Container":"bd1cd848-df35-44f7-9896-ae95f8e61ab9","EmailMon_ConfirmationOverlay":"5fc47fcc-7f27-4d9d-8e74-e102bef309f2","ConfirmationBox_1":"9945767a-a6fd-4818-82ae-360d23916d98","ConfirmationText_1":"d2f19484-8fde-49af-ada2-82e6e4af4a38","ConfirmationButtons_1":"4eb04e23-d4ca-4138-9c28-fff76b42171f","ConfirmBtn_1":"f8babbd5-3451-482c-963a-17eb018abad4","CancelBtn_1":"65a98699-3a21-4bd3-b3d7-04962b89045b","EmailMon_Header":"2106d4d0-a316-4f0d-ae98-b261cc739165","EmailMon_MenuIcon":"e957910e-8e0c-434b-8175-5004165561e8","EmailMon_HeaderTitle":"161b2045-a9fa-4bf3-b6f7-e7a541a0d0bb","EmailMon_NavigationMenu":"59e642ff-56a1-43ed-8453-eb1436c15052","EmailMon_Content":"b07a1efe-d917-44fd-b170-81a52636f1df","EmailMon_PreviewPanel":"d3f8ff62-7a90-4ebf-99ac-b38e9193f891","EmailMon_PreviewTitle":"a94fe55a-4979-4ac8-af23-a435c96269b1","EmailMon_PreviewDivider":"6374d577-4c9f-4e94-9340-0798775e10d0","EmailMon_PreviewDetails":"7853a4b5-5994-4d2b-9679-3aaf9f22c969","EmailMon_PreviewTo":"82d4acfa-7efe-4203-aa4b-e2d5616d6a85","EmailMon_PreviewCC":"bae0016a-1122-455d-8fee-a0855eb99b37","EmailMon_PreviewSubject":"515e2206-8434-440f-a46f-ab58085bfbf4","EmailMon_PreviewSentInfo":"dfd583a6-f347-4ae6-b3fe-cac7d9e28f58","EmailMon_PreviewError":"d1b64520-876f-481e-81e3-f2e6d56081cf","EmailMon_PreviewActions":"b251574e-d82b-4538-882c-8bdc342273b0","EmailMon_ResendBtn":"2692d08b-5a43-44a5-a45d-bc081a6d07f5","EmailMon_ExportBtn":"d151c351-103c-4682-b813-f56053b977e0","EmailMon_DeleteBtn":"dd32f5d3-b745-4d4e-926b-da8c09292358","EmailMon_FilterSection":"e2252ed8-a424-45f0-b14b-78114dd5e9bc","EmailMon_FilterRow1":"bac46ec1-badf-430c-9f3f-51cbb4161b57","EmailMon_DateLabel":"859cfd33-4f1a-4e9c-883b-0da6fbfd6f50","EmailMon_DatePicker":"33a427cf-e5e2-4b2a-b2bf-6ab3ef84ea8f","EmailMon_StatusLabel":"668938ae-e956-4491-a7cd-75e005ba4da6","EmailMon_StatusDropdown":"a79a8b2c-5368-4c27-9f2e-2c9b9786347b","EmailMon_FilterRow2":"6df710fa-ed20-4a53-8a9c-194174cb544d","EmailMon_CustomerLabel":"70edac26-60eb-4f82-812e-d57f03afcc8b","EmailMon_CustomerCombo":"2fd8c872-c948-447b-8cb1-2fb96df7d0a8","EmailMon_CustomerName":"b23a6d29-85b0-47ae-baf2-3dc5507aed32","EmailMon_ClearBtn":"37b7979b-7c3d-47ec-bfad-71bb931add20","EmailMon_ApplyBtn":"75f57a31-12db-4f96-ab13-fe6d5b11a35d","EmailMon_ResultCount":"af2dae6d-eb4e-4ded-a295-66ed1a743206","EmailMon_EmailGallery":"1d7e8407-7ad8-4180-ad9f-a021f2733fb9","6db7aca9-119e-4725-9739-07aed9b2d775":"065d3d02-3bb3-4952-9057-efaaef914bd8","EmailMon_GalleryCard":"302cfd7a-c421-46aa-a31d-9bbb9c693762","EmailMon_StatusIcon":"b699e731-eb29-440b-8f84-0f3348418bae","EmailMon_CardInfo":"90fc2456-de63-45e6-9a33-e9b64828e4cf","EmailMon_CardDateTime":"2ee816da-605d-44ca-9d89-12ea9039bcba","EmailMon_CardCustomer":"7fc17b6a-30fb-4b6c-b39a-2b5281d8e4b5","EmailMon_CardStatus":"b7290797-ee5c-4b68-8ebd-6e05574609b2","EmailMon_CardStatusText":"25250c0e-4824-4796-9cd1-71342a81ee65","EmailMon_CardAmount":"be675a82-9aca-4e54-a4ea-8d91e8d4b1e8","scnRole":"4cdcbf11-c24b-48fc-b418-204af43f3208","Role_Container":"1b219afe-3251-475c-ab03-bbe13f5fc671","Role_DeleteConfirmationOverlay":"31455a13-bc82-4cea-8684-f5a821cef4d5","Role_DeleteConfirmationBox":"e2db4c98-3ec1-4292-9dfc-11922a38e15c","Role_DeleteConfirmationText":"177d059c-6e35-4195-b70f-f762322a424b","Role_DeleteConfirmationButtons":"6f1968c6-1a5e-4b52-8364-1faf16e333d2","Role_DeleteConfirmBtn":"527a9360-6c8f-4b85-9116-81ec43489e4a","Role_DeleteCancelBtn":"29406ca0-6b6f-4995-9a4f-39b3baed1955","Role_Header":"8cb253de-bba5-453e-81b1-c41d3a231e43","Role_MenuIcon":"9699c30b-0c15-4e7b-a31b-c5c2905ae724","Role_HeaderTitle":"7f5a38b2-fbca-4850-9c4d-3915bc272700","Role_NavigationMenu":"cb06880a-a39f-4fd7-81dc-c3d7b4dae5d2","Role_Content":"0a23004e-106e-4d5f-b6f1-b233aa051fff","Role_TableView":"f49b85e0-7271-4d63-86b8-f91ec5da9106","Role_ActionBar":"01b80071-55a0-48bf-be39-a5681e73f435","Role_AddBtn":"0728e4e7-deef-41b4-8e99-eed73599d100","Role_EditBtn":"8ff92f94-bfc0-4ec8-b7d5-e6bd27fac443","Role_DeleteBtn":"78ead910-24ed-4a5d-84e0-88e59446270f","Role_Table":"48189708-a584-47c9-bbd4-08569abecdf5","Email2":"208747b9-5e0e-470e-ae06-c5ced8a3fc29","Role2":"38072578-998b-4c4c-b698-4e1f8ba25e24","Role_FormView":"0ef5b7e5-7fb2-4d57-895a-566d409237c2","Role_FormContainer":"acc5f58b-4a82-45d5-8c51-edd2435ef335","Role_Form_UserLabel":"48fd725d-7a20-4d1d-a565-e39747c45ecc","Role_Form_UserCombo":"4b23dad4-f880-452f-9c99-e1fd5e5809a3","DisplayNameField":"fa97125d-abc0-4a56-a101-48fb115b52c0","Role_Form_RoleLabel":"8349d70c-7b1c-4565-b739-1278e01b56b8","Role_Form_RoleCombo":"4c5c2cc7-520d-41a3-89ae-8a08dd8ed580","RoleName1":"308a2321-a658-42d7-88fe-6ec761826182","Role_FormActionBar":"5557cc83-d0e1-4ff1-a8d3-6fa7978dc5f1","Role_Form_SaveBtn":"060c36d1-abdd-4fb5-bd7d-4b964e836344","Role_Form_CancelBtn":"4d1501f7-46f2-4555-9a51-b0243cf8a9f1","scnUnauthorized":"564fe374-d05d-449f-a2b0-7e5c30970130","iconCircle1":"91e62ec1-8878-4fd2-bf42-0c70aa6d55f8","iconCheck1":"779569bb-a56c-4d21-bc3d-ece5cb256eec","LblSuccessMsg1":"8f655d56-ca1e-4841-9e3f-4a506905cd28","scnTransactions":"c8c358e0-577e-4ce4-b74d-df5df4f1d878","Trans_Container":"807fe3a0-9b58-4cdc-9be2-c5c2340e84a6","Trans_Header":"ede64556-3b62-4ec2-8762-750933a44707","Trans_MenuIcon":"6561f91b-e1dd-4293-9c16-5288989d1470","Trans_HeaderTitle":"ea738431-83b2-4680-816f-c01ff0e346a5","Trans_NavigationMenu":"4cfb3ea2-19b6-4466-9496-5dd211856d09","Trans_Content":"ed11fa60-efdb-43f7-b532-3634946d15d9","Trans_FIFOPreview":"ce017226-04f7-442f-94aa-6228a634d39d","Trans_FIFOTitle":"7f92ef05-e39c-4c97-8610-babe76b8d700","Trans_FIFOCustomer":"519d0609-55d6-441f-a4c3-6d62d5ba9e47","Trans_FIFOSummary":"5aa06b88-2339-4871-b813-8a46d6013372","Trans_CNTotal":"aa008962-c894-4304-9809-e328b42f427d","Trans_DNTotal":"caeb1270-16bb-48ff-a680-c8b61123b009","Trans_FIFOLogic":"ede893ca-ec3a-46c5-8a37-07453ed0196b","Trans_NetOwed":"a5c45005-d319-4ced-9e54-62fc9675a9ea","Trans_FilterSection":"44e8b447-9088-4313-8b30-16aaba53fda2","Trans_FilterRow1":"549cbf6c-ef91-462a-b376-697de9b4a689","Trans_CustomerLabel":"2778618d-9083-4f64-8706-392a9666e207","Trans_CustomerCombo":"0f10bbc0-3886-4cb7-9640-718ee84e2bd8","CustomerName":"a5658135-024b-47a0-be9b-52622360c0d8","Trans_TypeLabel":"3a8d1984-f6d9-4330-b150-3326dc1592e8","Trans_TypeDropdown":"1fbb9128-c2c2-408c-8650-16db94fa9e72","Trans_StatusLabel":"df5accd0-7d4d-4667-a037-ee9969b0e9bd","Trans_StatusDropdown":"97be5ac9-16dd-43d3-98cc-c798dbbb0b0e","Trans_FilterRow2":"7144c7f2-a7a5-4865-862b-e2b618a3504f","Trans_DateLabel":"535b8b85-7c73-4280-a99d-9ad6d6c66caa","Trans_DateTo":"480e5197-7186-4aa6-b00d-e00fb7cf9fe2","Trans_FilterRow3":"493c1d2d-a7cb-4601-8f9c-96512dd37c9d","Trans_FilterInfo":"03cbc998-307f-464a-9ba8-f536e26af22d","Trans_TotalLabel":"ef4b1f80-b40a-4bd4-8c03-a298f7fe3cf7","Trans_TableSection":"38ccbc88-30c7-4a57-9549-295bb4dd91ca","Trans_ActionBar":"6b2a5736-c29a-45d0-8e4a-5ad51ffe9f1f","Trans_MarkProcessedBtn":"4dd3a16a-e8ab-4619-8128-7d0d2df62581","Trans_ExportBtn":"52b20494-8f5d-4604-b42b-e3da8d2f1262","Trans_Gallery":"837c3b77-695b-43bb-a312-33105159c2c4","galleryTemplate1":"f87ad0f4-6f00-4e3e-b851-93715a77e431","Trans_Table":"fd7dc61e-6ef9-4a1e-b9e0-2375ac886b48","Trans_TypeColumn":"8af722cc-a518-4677-8222-ef5fe00a998b","Trans_DocumentColumn":"885c682f-eb29-4b9f-8d75-3962782c550e","Trans_DateColumn":"47726565-94cd-4686-b0c4-c8e388176bb4","Trans_DaysColumn":"c75cffee-5997-4599-8988-331a7ac31794","Trans_AmountColumn":"01d5f5f3-c28d-4fb3-b7e0-1e318ce03cba","Trans_NoteColumn":"651441bd-a078-483b-92a2-8cca05b36ddd","Trans_ProcessedColumn":"3820fe86-0b40-4689-8dfc-f9e228c35e5a","scnCustomer":"1a542612-3e3f-4db2-9502-2c8f06d684c5","Customer_Container":"da47de5a-c213-435c-aacb-2f7c538329bf","Customer_DeleteConfirmationOverlay":"6523c3d8-5525-4759-853a-375cefd2fa32","Customer_DeleteConfirmationBox":"931b7cdb-0926-4f9b-985d-d097904ba04f","Customer_DeleteConfirmationText":"e72fecd2-1e38-4461-94bf-9e655d8ab988","Customer_DeleteConfirmationButtons":"cb873a97-7620-4648-beab-c1051d351567","Customer_DeleteConfirmBtn":"174e1219-4887-4762-ae16-52309f45b1b7","Customer_DeleteCancelBtn":"b57852d5-871a-4242-b8c0-fc90435dd824","Customer_Header":"dcff62a9-7e46-4001-9a5e-1fffefdea5c1","Customer_MenuIcon":"5845b047-9d29-4c17-866e-9e369e2db4fe","Customer_HeaderTitle":"63a3f3cb-c816-4312-90ef-aab64de67f00","Customer_NavigationMenu":"0e3bdf76-da5c-4890-8082-e614312ec446","Customer_Content":"d5ebf2c4-1ca7-4de7-8713-8c97273c8555","Customer_TableView":"3899ecde-c0dc-470a-a5c8-e8fc3f94436e","Customer_ActionBar":"8c20f8e7-35b0-41dc-87ab-a6e7ffc5a7e1","Customer_AddBtn":"063f8703-67d0-48d6-ba6c-7aeb317fbe02","Customer_EditBtn":"f9a5906b-ee88-4e6f-be1d-7544d493c2b1","Customer_DeleteBtn":"6f7ed66e-1eab-46e2-b252-946fe0012095","Customer_Table":"33ee06d0-b029-4fe9-9e93-6f41c305147a","Customer Code1":"8c7bfe3f-a79d-415d-924c-ff25902505ab","Customer Name1":"911c8bc8-6220-4630-ab22-3ac3b72dbd39","Region1":"5469376f-ec66-44ca-84e9-5b56d1b3a256","Customer Email 11":"bb01bfaf-fea9-4e86-b272-dbec96883341","QR Code Available1":"9fc67859-f79a-42af-a31f-fd33b5be5710","Sales Email 11":"96c04754-64c2-4d79-b93b-c18ae5b748d4","AR Backup Email 11":"08532e69-7e47-48b7-a7e0-67c226ac9636","Customer_FormView":"39b6713c-79cc-460e-b84d-91ac8ade7f2e","Customer_FormContainer":"6b9eb921-0d03-446d-b432-e58d6b658d85","Customer_Form_Title":"f875fba0-61e7-44d1-9a70-fa1fd6918e53","Customer_Form_BasicSection":"dc60e461-421e-4bd8-b6d5-d95990627e42","Customer_Form_CustomerCodeLabel":"802cefdb-36fb-4c12-bc1c-2f877525ad69","Customer_Form_CustomerCodeInput":"5ea1edb3-057f-45d8-be0b-6423404cd7cc","Customer_Form_CustomerNameLabel":"fca170ec-593a-4f15-a2ba-5f5cf27c5ade","Customer_Form_CustomerNameInput":"6694b243-afd4-49ed-9697-5f79dab24047","Customer_Form_RegionLabel":"d98de62d-d01a-498c-a522-c756a983aac7","Customer_Form_RegionDropdown":"b371765d-b160-4f9c-bd1f-8fe5b984884a","Customer_Form_EmailSection":"d5717c0b-e80d-4599-853a-f2401e88575d","Customer_Form_CustomerEmail1Label":"78d9d7d0-2688-4003-95f9-1798df62dde3","Customer_Form_CustomerEmail1Input":"2d921205-fc0a-45a4-bcbc-49278c94cabd","Customer_Form_CustomerEmail2Label":"81d6faed-2636-497e-9375-5ee68b986a5e","Customer_Form_CustomerEmail2Input":"6142ca88-b9af-4a75-a7ba-6c165cddc00f","Customer_Form_CustomerEmail3Label":"b02d533b-a465-4879-bc63-c880f2bc6e3e","Customer_Form_CustomerEmail3Input":"7a989a81-26ec-44f7-82a8-27aba97629b2","Customer_Form_CustomerEmail4Label":"8b9d0b95-cf0f-467c-b743-dea9abcb99aa","Customer_Form_CustomerEmail4Input":"1ed757d7-adb4-4c50-b2f4-78a967f3e296","Customer_Form_SalesSection":"eb740fee-1c79-4449-af03-055cd1808a64","Customer_Form_SalesEmail1Label":"c078ce71-4aa9-4f83-b119-597bb4a3a5fe","Customer_Form_SalesEmail1Input":"98145be6-6ae4-4795-a012-b2b94eb7f7e7","Customer_Form_SalesEmail2Label":"577565a9-1def-4282-97bb-d38321bc4839","Customer_Form_SalesEmail2Input":"0c0a81b2-bb0a-41d2-a375-6b153de2e0c8","Customer_Form_SalesEmail3Label":"1e718905-f4b5-426a-9f7c-2836bcd112ad","Customer_Form_SalesEmail3Input":"18c4afe6-3de7-4ade-af43-f2a163488fef","Customer_Form_SalesEmail4Label":"b69d5263-5d5f-4ff1-9a77-13523cba1aa8","Customer_Form_SalesEmail4Input":"71b4d19b-8b06-4380-9558-8a6543481d93","Customer_Form_SalesEmail5Label":"b4e03bcb-979a-4aaf-b37f-77bf2949fea8","Customer_Form_SalesEmail5Input":"73070f7e-5dd8-4c34-857a-1153304e1ed4","Customer_Form_ARSection":"1093ea68-6c50-4fa1-ae7b-1f28ee6e51dc","Customer_Form_ARBackupEmail1Label":"380bb782-3627-4da3-a35a-4d110ec3f740","Customer_Form_ARBackupEmail1Input":"0520083d-6c2e-45ba-a4f7-9918365a49ed","Customer_Form_ARBackupEmail2Label":"83837aa5-8bb1-4efc-b5d8-37160768e35f","Customer_Form_ARBackupEmail2Input":"813836d6-d55d-45f6-8a5a-37d723f1e9d0","Customer_Form_ARBackupEmail3Label":"a0c77ae7-082b-401c-9801-5042b5e2daf3","Customer_Form_ARBackupEmail3Input":"24f482c7-7cd4-49fc-b0b0-27a728e81237","Customer_Form_ARBackupEmail4Label":"465150a1-fb36-4ad0-8698-794a437f08a1","Customer_Form_ARBackupEmail4Input":"fa4347de-84e4-400f-83e0-bb8ebf21ab4b","Customer_FormActionBar":"10f03ccf-ef8b-4b2d-9b56-08f6555337f4","Customer_Form_SaveBtn":"aaa8b4a9-44ac-43ec-9a60-d84b92d67af8","Customer_Form_CancelBtn":"7a8ac41f-e5ed-4f43-809e-dc2a428ab6be","scnEmailApproval":"c4ecb64f-6fe6-4810-9ae5-0c2634bb4ec3","EmailApprv_Container":"bc687839-64b0-49c9-a272-042941dd60dc","EmailApprv_Header":"94781c2f-1ca4-43cd-8339-ce45bde73eb8","EmailApprv_MenuIcon":"4c895c4e-b9c5-4ec0-86f8-27bd9e5017a7","EmailApprv_HeaderTitle":"d3d00511-f436-409d-9c33-dfa25ae38259","EmailApprv_NavigationMenu":"1519c986-0e96-4725-a6d2-7c31e3a74fdb","EmailApprv_FilterBar":"3f8c1e08-886a-461d-9124-43423c7811c8","EmailApprv_DateLabel":"87f2ca0f-2343-4be9-808f-3e6bf1c4737f","EmailApprv_DatePicker":"f3b2604e-154a-4aa3-8562-65c643f44a94","EmailApprv_CountLabel":"162efcff-4c52-40d9-96fa-fdfc18b64421","EmailApprv_RefreshBtn":"9f2d461b-a5f0-4bbd-bfc7-8066274eea2b","EmailApprv_AutoApproveLabel":"6bbd6a10-7222-452e-b7cc-4f6510327168","EmailApprv_AutoApproveToggle":"d4cb7a81-a6dc-42fe-b210-56663e151555","EmailApprv_ActionBar":"2636b70b-cb9b-413c-a820-6053c1715c60","ActionBar_SummaryLabel":"ec2008d8-c292-47f2-ad87-8d3ade52716c","ActionBar_ButtonContainer":"26286f6f-de4f-4bb5-a011-4b8f5440d8b6","ActionBar_ExcludeBtn":"cf110529-8262-4ef1-bd6d-ae334dff7b9f","ActionBar_SendBtn":"ccbb91be-209d-4f2d-8c62-5fef51fc257b","EmailApprv_Content":"4699b6ff-cdb4-484f-98ee-069e0224c6f9","EmailApprv_DraftGallery":"7281f69e-59f2-4494-9361-36210b892356","a09c8955-df37-468c-9a6f-696534b0cc63":"d4058be8-8625-4240-b971-c6d09d23ef67","EmailCard":"c37b4dd9-ecdd-4705-851a-6a06ef810e60","EmailCard_CustomerName":"7fae67e9-1e7c-4626-bc0d-529807d81317","EmailCard_Amount":"bfe39e97-9228-4f0b-8487-8481410a21d2","EmailCard_Transactions":"b8ee86d2-1a91-4e72-8d12-302b20312dc2","EmailCard_Template":"0d60bc0a-44e4-41f3-a28f-0694964b4eeb","Container4":"7cd53c35-80e2-42d2-9c9f-2b469c9589c5","EmailCard_ViewBtn":"7b9bfdbb-7f04-4bbe-87f3-17a7f181fac7","EmailApprv_StatusLabel":"ecb0f2da-4462-43cd-8ea9-5f8439eddffa","EmailApprov_SelectChkBox":"040c73eb-b757-401d-a790-c4daa4ec872d","EmailApprv_PreviewPanel":"b1b9c442-0691-4629-b021-571ba62f30c1","Preview_Title":"46d7c1ca-0c14-4875-af0b-058e3e9d0366","Preview_ToLabel":"f92e0b94-bb0d-47fc-b0a3-7687434000ce","Preview_CCLabel":"c7cb83b1-be08-4b0e-b8b2-33f99fc2609c","Preview_SubjectLabel":"15c99fc7-d702-4eb9-b464-4b3bcf12a116","Preview_TemplateLabel":"5213c524-7c04-45a6-91cc-7be020e1f85b","Preview_Divider":"d4a5752f-c638-4d74-8105-85c88761b009","Preview_QRCodeLabel":"20c17040-00ce-4018-a168-6358e0de0cd9","HtmlText1":"84121dc0-7e07-41a7-a073-bc664663f18a","Preview_TransactionsTitle":"85cd2596-007f-4bad-9cf8-65e5ae026275","Preview_TransactionsGallery":"4517d884-5761-4912-b73b-af82eced8e10","9d0595b1-70ae-4cba-806e-4d3ea2142dc4":"4b22439a-23e9-420c-a9b9-3bfa81801b25","TransRow":"5b23f716-03c3-42fb-8ce0-adf146023af3","Trans_DocNumber":"e92a3379-5676-462b-b2e0-8e36d3e8c7e6","Trans_Amount":"f463a255-941f-4ef5-b4db-6eb0a45b5d30","Trans_DayCount":"f82c351e-96ad-4f31-bc81-15f38f8d4721","Preview_TotalAmountLabel":"6fee58e7-04d7-4a99-928b-02917f9cd3f8","scnCustomerHistory":"14733f45-1ec1-4cab-b135-9602d07b62b3","CustHistory_Container":"65b06ff8-9267-4661-a74f-6d8392d6ae00","CustHistory_Header":"566450a8-0461-4fc7-bde8-647d8a65ffcb","CustHistory_MenuIcon":"b2f9f7b2-614b-450d-9c60-66789a2b6359","CustHistory_HeaderTitle":"cb915b37-b6d2-4b27-bbcd-df241df25f4d","CustHistory_NavigationMenu":"8b0d2268-e774-484f-b049-23789a84a55b","CustHistory_Content":"9f2fed89-2b36-4671-8330-48584076cc6f","CustHistory_CustomerSelectionPanel":"fd69a78e-b6c3-4ca6-b3a3-942873e3a962","CustHistory_SelectionRow":"8035230a-207f-44b5-b78c-89bbef9cf95b","CustHistory_DateLabel":"5781ceb4-ca11-402b-b05a-7ecbc02ea74f","CustHistory_DatePicker":"c371b7a5-04e4-4e34-9ba8-58170c421bb0","CustHistory_CustomerLabel":"b757fead-f712-4808-b4a4-acfe24180fd5","CustHistory_CustomerCombo":"a05181d6-e1dc-4dd8-92b1-cb73afcd84d9","CustomerName_1":"30b18267-9e5b-4874-9f5f-073666109566","CustomerCode":"d39d2b0d-1712-4932-a887-ded6c66be053","CustHistory_CustomerInfoRow":"6f3e920a-ec07-49ef-a733-750f154c545e","CustHistory_CustomerNameText":"ae1bad70-1303-487b-ad91-0978bce1965c","CustHistory_CustomerCodeText":"44d2e399-d3d4-4ca6-af98-f8db48ba9cef","CustHistory_CustomerRegionText":"6343ccd6-1df3-41cc-9dc5-a465379699ca","CustHistory_TransactionSection":"4848eb6e-5263-419a-a188-09d762de2353","CustHistory_NoTransactionsMessage":"3c6115e2-a3b5-42a3-a9ab-800550aec801","CustHistory_TransactionSummary":"119d878d-97d3-4d22-ad8d-7eb99ec2d8e6","CustHistory_TotalAmount":"1a095b6e-47ed-4584-8bc7-82e09b125116","CustHistory_OutstandingAmount":"f2a18d37-d492-4cbc-bc89-34d1c67bc4ad","CustHistory_TransactionHeader":"7137b3d7-a46f-4c8e-afa4-e0d24fef5aaa","CustHistory_TransactionTitle":"9b56eb83-5cef-426a-ac63-72b90f4acdd7","CustHistory_TransactionFilters":"5a953cfe-5646-42fb-b10e-5557aead6098","CustHistory_TypeFilterLabel":"0e78281b-b9df-4ed9-aacb-fae8826a92d9","CustHistory_TypeFilterDropdown":"bb143aaa-dc9b-4b0e-a0f1-3ba6b076d234","CustHistory_DateRangeLabel":"28423e70-06ac-4d13-be52-4cc262d3ca97","CustHistory_DateRangeDropdown":"1a419bd2-af7b-4371-af01-a6d2640db264","CustHistory_TransactionTable":"0cc53f8f-6e66-4c84-8ee0-44176bbb6fc6","Trans_TypeColumn_1":"d70d830c-2af4-4968-8838-479a84e24ffe","Trans_DocumentColumn_1":"c28ad324-d024-4d8e-9113-0c98f282ade4","Trans_DateColumn_1":"1590770e-4a5f-42b9-8871-2b0f020d5f26","Trans_DaysColumn_1":"9c3451cc-2135-46f0-9b30-6948c3fa414b","Trans_AmountColumn_1":"7ef8d565-b36b-44f4-bcae-9069a0e6490f","Trans_ProcessedColumn_1":"9ceb2c54-a725-421a-9102-f073b6a63e76","CustHistory_EmailSection":"284628b1-3f8a-468a-98c4-4a4b08e53ebf","CustHistory_NoEmailsMessage":"62138068-a3bf-4e53-ab6b-cf87c256eb67","CustHistory_EmailSummary":"2d32f405-fc6f-43b5-a886-b3cd7e91fb0e","CustHistory_TotalEmails":"93e8514e-57f3-4425-ac44-ac231a8687b7","CustHistory_LastEmailDate":"a0111946-bf1f-4f74-b092-4fb1762e2b3c","CustHistory_EmailHeader":"2d3cd673-d1a2-4077-928a-97722f2bf642","CustHistory_EmailTitle":"23a6cc51-a31f-4eff-a46d-e9622fe3b4cf","CustHistory_EmailFilters":"acd8c306-690d-45b1-9e7c-c833de2f21cd","CustHistory_EmailDateLabel":"d7e25c31-c99b-4e9e-b50e-210b0e77d0bd","CustHistory_EmailDateDropdown":"578d5e4e-be6f-437d-8b7f-aa35df599392","CustHistory_EmailTable":"aa126b91-90c8-49d4-b809-d950d21a3121","Email_DateColumn":"ef12e5de-78b9-4811-994b-471ab9479394","Email_TemplateColumn":"785a559b-9aae-414d-a7a3-7af3766c0b4e","Email_AmountColumn":"e812bb06-ffb9-47a3-b639-6f44731180b5","Email_DaysColumn":"4240ee82-b6f8-4bf4-a4a2-c4fc7a810a79","Email_StatusColumn":"589adc8e-00d6-49f7-b92e-66ef6c79fc5a","scnCalendar":"38c715b8-2ff9-48ef-a0c4-23bc5cd1de99","Calendar_Container":"125351b3-f799-42b8-81a5-d22e5978252b","Calendar_Header":"73554b92-a987-4eea-9e5b-c7f86454c0aa","Calendar_MenuIcon":"d66b017e-9494-456b-bd2b-1a287ca07c4e","Calendar_HeaderTitle":"525c6566-7d45-400d-875c-b66b209da788","Calendar_NavigationMenu":"161147bc-5ef6-447b-8731-5ac37b34806b","BodyContainer1":"d68ee644-f318-407b-8a78-33124042c548","Container2":"6f5f929e-27e2-4d65-ba2d-76800b759752","LblMonthSelected1_1":"870e4807-f87b-4384-9a1b-a660f52f3ad3","iconPrevMonth1_1":"27752f76-933c-4d41-9cf6-1d854e900e3b","iconNextMonth1_1":"26fe0f3d-3e78-48e8-910f-55e5d924aeae","LblResetToday1_1":"b9c8bd6b-2dcc-4244-a1dc-bc3dc89aa870","iconCalendar1_1":"45c2ab3c-8c44-4de7-96dc-c836e11fedc9","WeekdayGallery1_1":"358d29f3-d527-461c-93a6-d3c047134f4a","e3e7e3b0-1542-41f8-80f6-d115136fa542":"3a00879f-fb3a-4f73-83f6-58429e842e03","Title2_1":"adba5a3a-22e8-487c-a05e-edb13dd537c8","MonthDayGallery1_1":"61bba71d-6db1-4622-8807-80cb529c4c0c","086b8bd9-d70b-487e-a14b-e52223585295":"af2a13ed-ecd7-4b7f-9027-0e02dfc3a072","Title3_1":"9af7fa6d-6973-4aa0-994e-2ade86634545","Subcircle1_1":"e342d1e0-bdd3-4737-b381-a6b0c9d79350","Circle1_1":"779913a5-38d4-4b86-aab4-3306a034433b","DeleteConfirmDialogContainer1":"707e1e42-b846-4e6c-94b4-72915ebd7f5b","ConfirmDeleteLabelContainer1":"b7009bb5-020b-4c3d-a5d3-fb8ce08283e5","TextCanvas2":"5044bf2a-e3a3-4ba7-bf14-64e567368367","ConfirmDeleteButtonBarContainer1":"8e5546ec-85c7-475f-a0cf-0167d2c72e06","ConfirmDeleteButton1":"ec40e1ad-aa1d-4258-9476-119873a35fdc","CancelDeleteButton1":"d1691f1b-dcee-4297-a964-7cb61f22aa49","RightContainer1":"078f2fcf-179d-4f7b-9c63-bab0992e5974","Container1":"e2db2186-ab44-4bea-8288-21eed9021c8f","Container3":"16a867af-e250-4b68-83b1-f0d7ff1a225b","BackIcon1":"6ec9584b-efb9-4b18-acca-8e36cf325f25","LblDateSelected1_1":"fd7120b3-8e27-4102-a8da-1657c94e6172","CalendarEventsGallery1_1":"8e44524a-bca9-404a-b7e1-ade982d67b2a","0a91742e-dcb0-439f-8126-f8cb521eee7a":"89415200-ce65-4696-8e7c-49b0c011a3e7","Rectangle1":"e4f44dc8-b543-4dad-adb4-9aae761c6001","Icon1":"ce150310-ad97-4de0-979d-25107ce56c85","Title1":"a114565f-00ca-43b7-91be-492adfca7c83","Separator3":"2db23a87-4cf2-4bef-b369-e679be5af76e","MainContainer1":"b1cb5b18-3c99-48b9-ad8b-a46a471d841c","Container21":"792d162c-80e6-4638-8341-6a61c8921010","NewRecordButton1":"30f242a9-91ea-4948-83a9-e4b7bdead53a","EditButton1":"9dcc2af7-b22e-4a20-aa74-c2b47c09997a","DeleteButton1":"996a7816-33a0-497f-9fbe-ab1d08c934cb","Form1":"c7759b75-46cc-4a34-9ab6-3c866244a268","Description_DataCard1":"f8911990-d841-42a0-9db6-68cecfe843e0","StarVisible1":"049e2fd1-b586-4a8f-bc50-05d7a2f8e43d","DataCardKey1":"f8cfb0de-b921-4726-a45b-33ab478df3e8","DataCardValue1":"df99ee29-a67a-498f-bcc5-6660b7b4ed47","ErrorMessage1":"0c740f64-4f69-4a1c-bb74-a4171c7c9ee6","Event Date_DataCard1":"9c0658b6-63ce-48a9-8de7-2ec129692c15","StarVisible2":"90be8081-bbcb-41e0-af15-bfe31ab8abec","DataCardKey3":"cef11f8a-978e-4905-a33f-81a5ae2e1fcb","DateValue1":"48836dc3-8662-4e5a-b30d-1b744ad7409d","ErrorMessage2":"0859ce13-99c0-46ae-8030-e1f6b89bfa6a","ButtonContainer1":"ec437d58-162a-4744-b0a7-e8b2947d0e11","CancelButton1":"af28d82a-3a1e-4fec-a12d-ac3e3169f38f","SubmitButton1":"694fc862-9686-45dc-9cc3-115529f2ff86"}