{
  "properties": {
    "connectionReferences": {
      "shared_commondataserviceforapps": {
        "api": {
          "name": "shared_commondataserviceforapps"
        },
        "connection": {
          "connectionReferenceLogicalName": "new_sharedcommondataserviceforapps_7e300"
        },
        "runtimeSource": "embedded"
      },
      "shared_sharepointonline": {
        "api": {
          "name": "shared_sharepointonline"
        },
        "connection": {
          "connectionReferenceLogicalName": "nc_sharedsharepointonline_80205"
        },
        "runtimeSource": "embedded"
      },
      "shared_office365users": {
        "api": {
          "name": "shared_office365users"
        },
        "connection": {
          "connectionReferenceLogicalName": "new_sharedoffice365users_0fee9"
        },
        "runtimeSource": "embedded"
      }
    },
    "definition": {
      "$schema": "https://schema.management.azure.com/providers/Microsoft.Logic/schemas/2016-06-01/workflowdefinition.json#",
      "contentVersion": "1.0.0.0",
      "parameters": {
        "$authentication": {
          "defaultValue": {},
          "type": "SecureObject"
        },
        "$connections": {
          "defaultValue": {},
          "type": "Object"
        }
      },
      "triggers": {
        "Recurrence": {
          "type": "Recurrence",
          "recurrence": {
            "interval": 1,
            "frequency": "Day",
            "timeZone": "SE Asia Standard Time"
          }
        }
      },
      "actions": {
        "List_rows": {
          "type": "OpenApiConnection",
          "inputs": {
            "parameters": {
              "entityName": "cr7bb_thfinancecashcollectiontransactions",
              "$top": 1
            },
            "host": {
              "apiId": "/providers/Microsoft.PowerApps/apis/shared_commondataserviceforapps",
              "operationId": "ListRecords",
              "connectionName": "shared_commondataserviceforapps"
            }
          },
          "runAfter": {}
        },
        "List_rows_1": {
          "type": "OpenApiConnection",
          "inputs": {
            "parameters": {
              "entityName": "cr7bb_thfinancecashcollectioncustomers",
              "$top": 1
            },
            "host": {
              "apiId": "/providers/Microsoft.PowerApps/apis/shared_commondataserviceforapps",
              "operationId": "ListRecords",
              "connectionName": "shared_commondataserviceforapps"
            }
          },
          "runAfter": {
            "List_rows": [
              "Succeeded"
            ]
          }
        },
        "List_rows_2": {
          "type": "OpenApiConnection",
          "inputs": {
            "parameters": {
              "entityName": "cr7bb_thfinancecashcollectionprocesslogs",
              "$top": 1
            },
            "host": {
              "apiId": "/providers/Microsoft.PowerApps/apis/shared_commondataserviceforapps",
              "operationId": "ListRecords",
              "connectionName": "shared_commondataserviceforapps"
            }
          },
          "runAfter": {
            "List_rows_1": [
              "Succeeded"
            ]
          }
        },
        "Add_a_new_row": {
          "type": "OpenApiConnection",
          "inputs": {
            "parameters": {
              "entityName": "cr7bb_thfinancecashcollectionemaillogs",
              "item/cr7bb_emailsubject": "Test"
            },
            "host": {
              "apiId": "/providers/Microsoft.PowerApps/apis/shared_commondataserviceforapps",
              "operationId": "CreateRecord",
              "connectionName": "shared_commondataserviceforapps"
            }
          },
          "runAfter": {
            "List_rows_2": [
              "Succeeded"
            ]
          }
        },
        "Get_file_content": {
          "type": "OpenApiConnection",
          "inputs": {
            "parameters": {
              "dataset": "https://nestle.sharepoint.com/teams/THFinancePowerPlatformSolutions",
              "id": "%252fShared%2bDocuments%252fCash%2bCustomer%2bCollection%252f03-QR-Codes%252fQR%2bLot%2b1%2bver%2b.jpeg%252f1039634.jpg",
              "inferContentType": true
            },
            "host": {
              "apiId": "/providers/Microsoft.PowerApps/apis/shared_sharepointonline",
              "operationId": "GetFileContent",
              "connectionName": "shared_sharepointonline"
            }
          },
          "runAfter": {
            "Add_a_new_row": [
              "SUCCEEDED"
            ]
          },
          "metadata": {
            "%252fShared%2bDocuments%252fCash%2bCustomer%2bCollection%252f03-QR-Codes%252fQR%2bLot%2b1%2bver%2b.jpeg%252f1039634.jpg": "/Shared Documents/Cash Customer Collection/03-QR-Codes/QR Lot 1 ver .jpeg/1039634.jpg"
          }
        },
        "Get_user_profile_(V2)": {
          "type": "OpenApiConnection",
          "inputs": {
            "parameters": {
              "id": "Chamnong,Nick,TH-Bangkok,IT W360 - X-Stream Ops"
            },
            "host": {
              "apiId": "/providers/Microsoft.PowerApps/apis/shared_office365users",
              "operationId": "UserProfile_V2",
              "connectionName": "shared_office365users"
            }
          },
          "runAfter": {
            "Get_file_content": [
              "SUCCEEDED"
            ]
          }
        }
      },
      "outputs": {}
    },
    "templateName": null
  },
  "schemaVersion": "1.0.0.0"
}