{
  "properties": {
    "connectionReferences": {
      "shared_sharepointonline": {
        "api": {
          "name": "shared_sharepointonline"
        },
        "connection": {
          "connectionReferenceLogicalName": "nc_sharedsharepointonline_80205"
        },
        "runtimeSource": "embedded"
      },
      "shared_commondataserviceforapps": {
        "api": {
          "name": "shared_commondataserviceforapps"
        },
        "connection": {
          "connectionReferenceLogicalName": "new_sharedcommondataserviceforapps_7e300"
        },
        "runtimeSource": "embedded"
      },
      "shared_excelonlinebusiness": {
        "api": {
          "name": "shared_excelonlinebusiness"
        },
        "connection": {
          "connectionReferenceLogicalName": "nc_sharedexcelonlinebusiness_67d04"
        },
        "runtimeSource": "embedded"
      },
      "shared_office365": {
        "api": {
          "name": "shared_office365"
        },
        "connection": {
          "connectionReferenceLogicalName": "new_sharedoffice365_50b72"
        },
        "runtimeSource": "embedded"
      }
    },
    "definition": {
      "$schema": "https://schema.management.azure.com/providers/Microsoft.Logic/schemas/2016-06-01/workflowdefinition.json#",
      "contentVersion": "1.0.0.0",
      "parameters": {
        "$authentication": {
          "defaultValue": {},
          "type": "SecureObject"
        },
        "$connections": {
          "defaultValue": {},
          "type": "Object"
        }
      },
      "triggers": {
        "Recurrence": {
          "type": "Recurrence",
          "recurrence": {
            "interval": 1,
            "frequency": "Day",
            "timeZone": "SE Asia Standard Time"
          }
        }
      },
      "actions": {
        "Get_files_(properties_only)": {
          "type": "OpenApiConnection",
          "inputs": {
            "parameters": {
              "dataset": "https://nestle.sharepoint.com/teams/THFinancePowerPlatformSolutions",
              "table": "375efa2c-aef5-4522-b27f-5cd2749a74a8",
              "folderPath": "/Shared Documents/Cash Customer Collection/01-Daily-SAP-Data/Current",
              "viewScopeOption": "RecursiveAll"
            },
            "host": {
              "apiId": "/providers/Microsoft.PowerApps/apis/shared_sharepointonline",
              "operationId": "GetFileItems",
              "connectionName": "shared_sharepointonline"
            }
          },
          "runAfter": {},
          "metadata": {
            "operationMetadataId": "db9343f7-f637-4e1a-8b59-2e8697ec0f8c"
          }
        },
        "List_rows": {
          "type": "OpenApiConnection",
          "inputs": {
            "parameters": {
              "entityName": "cr7bb_thfinancecashcollectioncustomers",
              "$top": 1
            },
            "host": {
              "apiId": "/providers/Microsoft.PowerApps/apis/shared_commondataserviceforapps",
              "operationId": "ListRecords",
              "connectionName": "shared_commondataserviceforapps"
            }
          },
          "runAfter": {
            "Get_files_(properties_only)": [
              "Succeeded"
            ]
          },
          "metadata": {
            "operationMetadataId": "36496894-d91a-47ea-a1e9-91dfbb0f8973"
          }
        },
        "List_rows_2": {
          "type": "OpenApiConnection",
          "inputs": {
            "parameters": {
              "entityName": "cr7bb_thfinancecashcollectiontransactions",
              "$top": 1
            },
            "host": {
              "apiId": "/providers/Microsoft.PowerApps/apis/shared_commondataserviceforapps",
              "operationId": "ListRecords",
              "connectionName": "shared_commondataserviceforapps"
            }
          },
          "runAfter": {
            "List_rows": [
              "Succeeded"
            ]
          },
          "metadata": {
            "operationMetadataId": "da4da52c-65c9-4be8-902a-202233c0902b"
          }
        },
        "List_rows_3": {
          "type": "OpenApiConnection",
          "inputs": {
            "parameters": {
              "entityName": "cr7bb_thfinancecashcollectionprocesslogs",
              "$top": 1
            },
            "host": {
              "apiId": "/providers/Microsoft.PowerApps/apis/shared_commondataserviceforapps",
              "operationId": "ListRecords",
              "connectionName": "shared_commondataserviceforapps"
            }
          },
          "runAfter": {
            "List_rows_2": [
              "Succeeded"
            ]
          },
          "metadata": {
            "operationMetadataId": "0b27c2da-08a6-4709-a57d-38790b2c467c"
          }
        },
        "List_rows_present_in_a_table": {
          "type": "OpenApiConnection",
          "inputs": {
            "parameters": {
              "source": "groups/02ebed5f-6782-4117-8509-f2a24646f258",
              "drive": "b!-jBuElvcHUepxeIS8jlWyaETtSFBsJBGqCTRaDVYBTQs-l439a4iRbJ_XNJ0mnSo",
              "file": "01B47NF3BEUMVG4ZZQNBDZFRXT2ZRQNNPG",
              "table": "{778FFA65-BF8B-432D-8C1E-2B933455CD27}"
            },
            "host": {
              "apiId": "/providers/Microsoft.PowerApps/apis/shared_excelonlinebusiness",
              "operationId": "GetItems",
              "connectionName": "shared_excelonlinebusiness"
            }
          },
          "runAfter": {
            "List_rows_3": [
              "Succeeded"
            ]
          },
          "metadata": {
            "01B47NF3BEUMVG4ZZQNBDZFRXT2ZRQNNPG": "/Cash Customer Collection/02-Customer-Master-Data/Current/Master Data Customer Cash.xlsx",
            "operationMetadataId": "9dde0fbe-9c0c-43fd-bf41-9aef3711f5db",
            "tableId": "{778FFA65-BF8B-432D-8C1E-2B933455CD27}"
          }
        },
        "Send_an_email_(V2)": {
          "type": "OpenApiConnection",
          "inputs": {
            "parameters": {
              "emailMessage/To": "Nick.Chamnong@th.nestle.com",
              "emailMessage/Subject": "Test Connection",
              "emailMessage/Body": "<p>Testing</p>",
              "emailMessage/Importance": "Normal"
            },
            "host": {
              "apiId": "/providers/Microsoft.PowerApps/apis/shared_office365",
              "operationId": "SendEmailV2",
              "connectionName": "shared_office365"
            }
          },
          "runAfter": {
            "List_rows_present_in_a_table": [
              "Succeeded"
            ]
          },
          "metadata": {
            "operationMetadataId": "fc1f3f93-9f6a-4d6b-825e-06d52ec9109d"
          }
        }
      },
      "outputs": {}
    },
    "templateName": null
  },
  "schemaVersion": "1.0.0.0"
}