<environmentvariabledefinition schemaname="nc_PACurrentEnvironmentMode">
  <defaultvalue>Production</defaultvalue>
  <description default="Production/Development">
    <label description="Production/Development" languagecode="1033" />
  </description>
  <displayname default="PA Current Environment Mode">
    <label description="PA Current Environment Mode" languagecode="1033" />
  </displayname>
  <introducedversion>1.0.0.8</introducedversion>
  <iscustomizable>1</iscustomizable>
  <isrequired>0</isrequired>
  <secretstore>0</secretstore>
  <type>100000000</type>
</environmentvariabledefinition>