{"__Version":"0.1","App":"26fde686-379a-4b84-b21c-ae520aadc612","Test_7F478737223C4B69":"4631498f-e4ef-4ce9-82fe-6bfa0b9eccc3","Host":"8ff32a83-165c-4fd1-bcaa-1819404cc863","NavigationMenu":"e76f3acf-3336-4528-8bd7-af74a90eecea","galNavigation":"5376a62d-47d9-4f27-a61f-2c6009d5fba9","galleryTemplate2_10":"b7598666-d73c-411f-ab72-58ea6495873e","Button5":"314e7c3e-61f8-4879-9a23-b0d2ac434345","cmpEditableText":"9962728b-5960-45ba-a212-d45047cc8798","VerticalContainer":"11f62111-d744-40f9-bc40-9afe85e88dee","lblTitle":"c42785c5-8e40-4602-8acc-00ec03c41021","txtInput":"16650852-e4fc-46ac-9afd-1fae3d330493","lblDisplay":"b95c01f2-d822-4b65-a801-b60ea2ac4e8d","loadingScreen":"851d7735-2bb9-4dbd-a215-a90e76f4f4ce","Container5":"b85ff5c6-e83c-4c09-9f99-4b4bd9446f2b","Image2":"430ad795-0970-4350-bfea-b382a1ec0152","TextCanvas1":"a9ef21bc-1d74-4a04-ad4d-bbc8459a68e0","Timer1":"20a0e352-3fa7-4829-ab85-dee79a82327b","scnDashboard":"0b364b63-7ac8-4b17-99aa-f76872e0b61c","DCC_Container":"3e6518bc-a15d-4181-9d28-dcf90140134c","DCC_Header":"6ba33b36-0f6d-4b4b-bb1f-74657e2b61ff","DCC_MenuIcon":"7b4beedd-2ec5-4ec6-a9ed-36f28a900051","DCC_HeaderTitle":"d278b0fc-336c-43e7-b71e-a243814816a0","DCC_NavigationMenu":"17f3e9a4-d756-4d6d-880e-8b7725e67f12","DCC_Content":"0a805917-0a57-41d7-b605-d4ac8ed9d050","DCC_DatePickerOverlay":"8d0c4422-0364-4811-b3cd-716cb1757842","DCC_DatePickerModal":"fda373e8-8515-4bb5-8582-2676f0746277","DCC_DatePickerModalTitle":"c4e36dea-fa0e-4525-928f-a0b3a38fad75","DCC_DatePickerControl":"6725a431-fe95-4101-98db-0878024eb96c","DCC_DatePickerModalButtons":"02a226c9-e7ec-4f98-86f7-a5e768aab46b","DCC_DatePickerCancelButton":"1a9352e6-cab8-4d7b-93e4-359105adaf55","DCC_DatePickerSelectButton":"ca38603f-ad6f-4b52-baff-d58a8d83c3c1","DCC_DatePickerSection":"b7e99f82-7cee-4eec-9928-002288ac3e51","DCC_DatePickerTitleRow":"3897f900-3b79-44a4-86d2-3465aa5a632b","DCC_DatePickerTitle":"a5d1c93d-f73d-4e0d-b7ae-326104821f58","DCC_RefreshButton":"5afb0072-a352-4425-a638-761a44ce63ca","DCC_DateNavigationRow":"4118adda-d85a-41e7-adcd-c9621c01076a","DCC_ViewDateLabel":"01c3ddec-4aaf-4360-9b88-7d0f6c84f438","DCC_PreviousDayButton":"738f9f63-3840-494d-a744-5ea1d15acf94","DCC_DateDisplay":"7819c7a6-e5d2-43f3-8adb-c87eea7a718b","DCC_NextDayButton":"4551d7db-9bf0-42e1-b1b4-8d743c1c7a0a","DCC_TodayButton":"37769239-0b7c-4122-8eb5-5bd6e2fb1289","DCC_PickDateButton":"cdb1c0b4-912e-4ca6-8d4d-21b6c1d65609","DCC_MainScrollContainer":"e949ab60-6125-4bb8-97c9-4b65eed8f5a3","DCC_SystemStatusCard":"4f68a566-c71d-46bd-9b4d-d00b6576af8a","DCC_StatusCardHeader":"63d79066-a20f-4ef9-9bd7-93eee145d2e1","DCC_StatusPanelsRow":"82059a4b-d947-4007-8e97-cf844f1e2660","DCC_SAPImportPanel":"48f0e5b4-1937-4fda-ae33-db07e978fd6a","DCC_SAPIcon":"8ee6e8b0-b28c-47cc-a566-60662a16fff9","DCC_SAPTitle":"cab5d299-385c-4201-b1ee-b40ddc3523e6","DCC_SAPStatus":"d7b1f853-cde1-4c51-90e1-c3e9a5e0b4b6","DCC_SAPRecordCount":"7c04ddda-cc7e-4a49-b7eb-d853bc737842","DCC_EmailEnginePanel":"7dcf7ffd-830e-4f5d-b701-9f69a0486089","DCC_EmailIcon":"1969e02a-0444-42d2-aa67-a7cb3fdbe3ab","DCC_EmailTitle":"5761ba6f-379c-4186-b165-e21b28169bba","DCC_EmailStatus":"d16e1e45-41d3-402e-9303-73eb09669858","DCC_EmailSkipped":"70a804d5-b482-49cf-bd7e-8b8c7d56504f","DCC_QuickActionsCard":"39aababa-9b5d-4d25-8e46-e4ad20a3a8d2","DCC_QuickActionsHeader":"2e20e80b-6fed-4676-9908-9c73ae126b3e","DCC_QuickActionsButtonsRow":"54ebf94f-1ef2-4c50-8710-b53ceaf7b030","DCC_ReviewEmailsButton":"84631d9c-0236-4f4d-8243-4bcefa4c93e7","DCC_FailedEmailsButton":"efe43ac0-e972-430d-a5bb-fd2bd67cb111","DCC_CustomersButton":"d8f10a6a-f37a-474d-bbb2-167008873558","DCC_TransactionsButton":"c9a2fcba-c4d9-4eed-8234-c8ceb9f5a9b5","DCC_ExportButton":"4170a675-6c7d-46ca-88dd-e8325389c55d","DCC_ActivitySummaryCard":"992b23d7-aa14-42f2-82b1-ef5171ca377c","DCC_ActivityHeader":"e3a826b5-6390-4b62-be82-00fa0e548d1f","DCC_ActivityGallery":"897cd9d8-eb17-4eb8-8c0d-91f9493bab70","a5385f7c-bca8-4453-ba87-088a2e89ca4b":"4aa21b7e-7c70-4410-84b4-e4819a428a2b","DCC_GalleryItemContainer":"8fad0be6-c770-4b69-957e-8083a47088ef","DCC_ActivityDetailsContainer":"71a56060-e86f-4319-9b3e-ab7fb126fc1d","DCC_ActivityText":"33f36a58-1e7f-493b-ad0b-5cb3511c035c","DCC_ActivityTimestamp":"5eb90297-aed8-406e-8b9f-edebdbb82ee8","DCC_ActivityStatusBadge":"ad8a67f2-4250-4d38-a4e8-08769f53a5ea","DCC_ActivityIcon":"300736cb-42b5-43df-a774-a9676ab8b2b5","DCC_ActivityViewButton":"7e98bb91-da91-4e5b-a714-03ac5ee83b38","scnEmailMonitor":"65a356cb-88fb-45a1-9cac-bdec1a4db95c","EmailMon_Container":"bd1cd848-df35-44f7-9896-ae95f8e61ab9","EmailMon_Header":"2106d4d0-a316-4f0d-ae98-b261cc739165","EmailMon_MenuIcon":"e957910e-8e0c-434b-8175-5004165561e8","EmailMon_HeaderTitle":"161b2045-a9fa-4bf3-b6f7-e7a541a0d0bb","EmailMon_NavigationMenu":"59e642ff-56a1-43ed-8453-eb1436c15052","EmailMon_Content":"b07a1efe-d917-44fd-b170-81a52636f1df","EmailMon_FilterSection":"e2252ed8-a424-45f0-b14b-78114dd5e9bc","EmailMon_FilterRow1":"bac46ec1-badf-430c-9f3f-51cbb4161b57","EmailMon_DateLabel":"859cfd33-4f1a-4e9c-883b-0da6fbfd6f50","EmailMon_DatePicker":"33a427cf-e5e2-4b2a-b2bf-6ab3ef84ea8f","EmailMon_StatusLabel":"668938ae-e956-4491-a7cd-75e005ba4da6","EmailMon_StatusDropdown":"a79a8b2c-5368-4c27-9f2e-2c9b9786347b","EmailMon_FilterRow2":"6df710fa-ed20-4a53-8a9c-194174cb544d","EmailMon_CustomerLabel":"70edac26-60eb-4f82-812e-d57f03afcc8b","EmailMon_CustomerCombo":"2fd8c872-c948-447b-8cb1-2fb96df7d0a8","EmailMon_CustomerName":"b23a6d29-85b0-47ae-baf2-3dc5507aed32","EmailMon_ResultCount":"af2dae6d-eb4e-4ded-a295-66ed1a743206","EmailMon_ClearBtn":"37b7979b-7c3d-47ec-bfad-71bb931add20","EmailMon_ApplyBtn":"75f57a31-12db-4f96-ab13-fe6d5b11a35d","EmailMon_EmailGallery":"1d7e8407-7ad8-4180-ad9f-a021f2733fb9","6db7aca9-119e-4725-9739-07aed9b2d775":"065d3d02-3bb3-4952-9057-efaaef914bd8","EmailMon_GalleryCard":"302cfd7a-c421-46aa-a31d-9bbb9c693762","EmailMon_CardInfo":"90fc2456-de63-45e6-9a33-e9b64828e4cf","EmailMon_CardDateTime":"2ee816da-605d-44ca-9d89-12ea9039bcba","EmailMon_CardCustomer":"7fc17b6a-30fb-4b6c-b39a-2b5281d8e4b5","EmailMon_CardStatus":"b7290797-ee5c-4b68-8ebd-6e05574609b2","EmailMon_CardStatusText":"25250c0e-4824-4796-9cd1-71342a81ee65","EmailMon_StatusIcon":"b699e731-eb29-440b-8f84-0f3348418bae","EmailMon_CardAmount":"be675a82-9aca-4e54-a4ea-8d91e8d4b1e8","EmailMon_PreviewPanel":"d3f8ff62-7a90-4ebf-99ac-b38e9193f891","EmailMon_PreviewTitle":"a94fe55a-4979-4ac8-af23-a435c96269b1","EmailMon_PreviewDivider":"6374d577-4c9f-4e94-9340-0798775e10d0","EmailMon_PreviewDetails":"7853a4b5-5994-4d2b-9679-3aaf9f22c969","EmailMon_PreviewTo":"82d4acfa-7efe-4203-aa4b-e2d5616d6a85","EmailMon_PreviewCC":"bae0016a-1122-455d-8fee-a0855eb99b37","EmailMon_PreviewSubject":"515e2206-8434-440f-a46f-ab58085bfbf4","EmailMon_PreviewSentInfo":"dfd583a6-f347-4ae6-b3fe-cac7d9e28f58","EmailMon_PreviewError":"d1b64520-876f-481e-81e3-f2e6d56081cf","EmailMon_PreviewActions":"b251574e-d82b-4538-882c-8bdc342273b0","EmailMon_ResendBtn":"2692d08b-5a43-44a5-a45d-bc081a6d07f5","EmailMon_ExportBtn":"d151c351-103c-4682-b813-f56053b977e0","EmailMon_DeleteBtn":"dd32f5d3-b745-4d4e-926b-da8c09292358","scnRole":"4cdcbf11-c24b-48fc-b418-204af43f3208","Role_Container":"1b219afe-3251-475c-ab03-bbe13f5fc671","Role_DeleteConfirmationOverlay":"31455a13-bc82-4cea-8684-f5a821cef4d5","Role_DeleteConfirmationBox":"e2db4c98-3ec1-4292-9dfc-11922a38e15c","Role_DeleteConfirmationText":"177d059c-6e35-4195-b70f-f762322a424b","Role_DeleteConfirmationButtons":"6f1968c6-1a5e-4b52-8364-1faf16e333d2","Role_DeleteConfirmBtn":"527a9360-6c8f-4b85-9116-81ec43489e4a","Role_DeleteCancelBtn":"29406ca0-6b6f-4995-9a4f-39b3baed1955","Role_Header":"8cb253de-bba5-453e-81b1-c41d3a231e43","Role_MenuIcon":"9699c30b-0c15-4e7b-a31b-c5c2905ae724","Role_HeaderTitle":"7f5a38b2-fbca-4850-9c4d-3915bc272700","Role_NavigationMenu":"cb06880a-a39f-4fd7-81dc-c3d7b4dae5d2","Role_Content":"0a23004e-106e-4d5f-b6f1-b233aa051fff","Role_TableView":"f49b85e0-7271-4d63-86b8-f91ec5da9106","Role_ActionBar":"01b80071-55a0-48bf-be39-a5681e73f435","Role_AddBtn":"0728e4e7-deef-41b4-8e99-eed73599d100","Role_EditBtn":"8ff92f94-bfc0-4ec8-b7d5-e6bd27fac443","Role_DeleteBtn":"78ead910-24ed-4a5d-84e0-88e59446270f","Role_Table":"48189708-a584-47c9-bbd4-08569abecdf5","Email2":"208747b9-5e0e-470e-ae06-c5ced8a3fc29","Role2":"38072578-998b-4c4c-b698-4e1f8ba25e24","Role_FormView":"0ef5b7e5-7fb2-4d57-895a-566d409237c2","Role_FormContainer":"acc5f58b-4a82-45d5-8c51-edd2435ef335","Role_Form_UserLabel":"48fd725d-7a20-4d1d-a565-e39747c45ecc","Role_Form_UserCombo":"4b23dad4-f880-452f-9c99-e1fd5e5809a3","DisplayNameField":"fa97125d-abc0-4a56-a101-48fb115b52c0","Role_Form_RoleLabel":"8349d70c-7b1c-4565-b739-1278e01b56b8","Role_Form_RoleCombo":"4c5c2cc7-520d-41a3-89ae-8a08dd8ed580","RoleName1":"308a2321-a658-42d7-88fe-6ec761826182","Role_FormActionBar":"5557cc83-d0e1-4ff1-a8d3-6fa7978dc5f1","Role_Form_SaveBtn":"060c36d1-abdd-4fb5-bd7d-4b964e836344","Role_Form_CancelBtn":"4d1501f7-46f2-4555-9a51-b0243cf8a9f1","scnUnauthorized":"564fe374-d05d-449f-a2b0-7e5c30970130","iconCircle1":"91e62ec1-8878-4fd2-bf42-0c70aa6d55f8","iconCheck1":"779569bb-a56c-4d21-bc3d-ece5cb256eec","LblSuccessMsg1":"8f655d56-ca1e-4841-9e3f-4a506905cd28","scnTransactions":"ec1f0278-104a-4ad9-94e7-3e943eb66770","Trans_Container":"6c4a01b5-0887-452c-a530-1ab8b078cf29","Trans_Header":"956d1ed9-63e4-46c0-929e-8b9816c2fb61","Trans_MenuIcon":"ab0cb14b-e546-408d-b9b4-b8a96437b752","Trans_HeaderTitle":"6eb1de05-1699-4f08-ab04-fb0cbed6e9f5","Trans_NavigationMenu":"f37bfa85-77bc-41bf-bdb2-465f1e41568d","Trans_Content":"04c6257b-94ad-4654-811e-13c7719566f1","Trans_FilterSection":"5e44db5a-7a24-44c5-a247-e0fd1aa385c2","Trans_FilterRow1":"e8c5c091-57bf-4b90-bfb9-7ae05210622e","Trans_CustomerLabel":"330d4fa5-adc0-4832-afa9-63ddf2d2dd6a","Trans_CustomerCombo":"9d450cee-1cd3-4e76-adf2-90d9cfced124","CustomerName":"4d61ab2c-e7fc-4344-8194-b2660acbefc4","Trans_TypeLabel":"1f41b8e0-6e14-45ab-acd9-36de445812fc","Trans_TypeDropdown":"2b022202-05e8-4aac-a95a-7ad4dbd3f047","Trans_StatusLabel":"9ccb944e-05d2-4c41-a08a-e6862e6ea6a1","Trans_StatusDropdown":"4ee385e1-5467-4eb2-800f-848cbacccb84","Trans_FilterRow2":"37b159fd-46e7-4af0-a18c-b707ec2cd342","Trans_DateLabel":"c95ea827-de7f-490c-80ca-6b5182c1993b","Trans_DateFrom":"5ea43b9b-3dee-4643-ad10-5ece26697599","Trans_DateToLabel":"d2f59284-a171-4fb8-92e1-35fc9a98f847","Trans_DateTo":"7f405012-1d31-4fda-b96c-993380319844","Trans_FilterRow3":"3a20eda8-3633-4029-8169-53fef88ac96d","Trans_FilterInfo":"daad0560-da20-404e-b65a-73d75897f2f5","Trans_TotalLabel":"5ad55558-b870-4f9c-aab6-4764a2070332","Trans_TableSection":"cf35ab3e-6b32-4466-8030-a2384a5e9cc6","Trans_ActionBar":"05c312f4-4075-40b2-ae9e-abcdd941e49b","Trans_MarkProcessedBtn":"972677ef-2521-4f21-a649-ed652e5c3153","Trans_ExportBtn":"a182aae6-ce05-42b4-9b08-49524ba3210f","Trans_Table":"0299bcf1-b90a-4bdf-9813-e263a8bebb6c","Trans_TypeColumn":"8fd80155-01f4-46ee-a9c7-0aa0578f710b","Trans_DocumentColumn":"d6604080-7b34-4a83-8ff1-1b209eb8b932","Trans_DateColumn":"9df0eec0-23ef-446b-99f2-223748c244d8","Trans_DaysColumn":"33436462-1445-44f9-9959-84f1c0045036","Trans_AmountColumn":"3bf5477f-be63-4b2b-8ee1-7152089ef49d","Trans_NoteColumn":"d945780c-3567-499f-8625-c7e90a975db4","Trans_ProcessedColumn":"c8d1300d-419d-4a32-92d1-25d898d73219","Trans_FIFOPreview":"2850daee-89eb-4671-9fa9-d91c2394c7c8","Trans_FIFOTitle":"63e75ec4-eb6e-4186-bce0-9aff1a90d0b0","Trans_FIFOCustomer":"8c4546f5-3d8a-48f7-9e3a-a46fe381f920","Trans_FIFOSummary":"28c80cf1-24a4-4ee1-acad-1de319dddd82","Trans_CNTotal":"9049dc64-4d7c-4126-80ec-76fa4f8266a8","Trans_DNTotal":"fdaa5c2f-cfa3-487b-b945-876744c7a252","Trans_FIFOLogic":"6e5d9c30-3bc2-42da-b5e3-b6e51b8841f1","Trans_NetOwed":"1bb374da-c60f-49b6-a776-dcb5a46ead5c","scnCustomer":"1a542612-3e3f-4db2-9502-2c8f06d684c5","Customer_Container":"da47de5a-c213-435c-aacb-2f7c538329bf","Customer_DeleteConfirmationOverlay":"6523c3d8-5525-4759-853a-375cefd2fa32","Customer_DeleteConfirmationBox":"931b7cdb-0926-4f9b-985d-d097904ba04f","Customer_DeleteConfirmationText":"e72fecd2-1e38-4461-94bf-9e655d8ab988","Customer_DeleteConfirmationButtons":"cb873a97-7620-4648-beab-c1051d351567","Customer_DeleteConfirmBtn":"174e1219-4887-4762-ae16-52309f45b1b7","Customer_DeleteCancelBtn":"b57852d5-871a-4242-b8c0-fc90435dd824","Customer_Header":"dcff62a9-7e46-4001-9a5e-1fffefdea5c1","Customer_MenuIcon":"5845b047-9d29-4c17-866e-9e369e2db4fe","Customer_HeaderTitle":"63a3f3cb-c816-4312-90ef-aab64de67f00","Customer_NavigationMenu":"0e3bdf76-da5c-4890-8082-e614312ec446","Customer_Content":"d5ebf2c4-1ca7-4de7-8713-8c97273c8555","Customer_TableView":"3899ecde-c0dc-470a-a5c8-e8fc3f94436e","Customer_ActionBar":"8c20f8e7-35b0-41dc-87ab-a6e7ffc5a7e1","Customer_AddBtn":"063f8703-67d0-48d6-ba6c-7aeb317fbe02","Customer_EditBtn":"f9a5906b-ee88-4e6f-be1d-7544d493c2b1","Customer_DeleteBtn":"6f7ed66e-1eab-46e2-b252-946fe0012095","Customer_Table":"33ee06d0-b029-4fe9-9e93-6f41c305147a","Customer Code1":"8c7bfe3f-a79d-415d-924c-ff25902505ab","Customer Name1":"911c8bc8-6220-4630-ab22-3ac3b72dbd39","Region1":"5469376f-ec66-44ca-84e9-5b56d1b3a256","Customer Email 11":"bb01bfaf-fea9-4e86-b272-dbec96883341","QR Code Available1":"9fc67859-f79a-42af-a31f-fd33b5be5710","Sales Email 11":"96c04754-64c2-4d79-b93b-c18ae5b748d4","AR Backup Email 11":"08532e69-7e47-48b7-a7e0-67c226ac9636","Customer_FormView":"39b6713c-79cc-460e-b84d-91ac8ade7f2e","Customer_FormContainer":"6b9eb921-0d03-446d-b432-e58d6b658d85","Customer_Form_Title":"f875fba0-61e7-44d1-9a70-fa1fd6918e53","Customer_Form_BasicSection":"dc60e461-421e-4bd8-b6d5-d95990627e42","Customer_Form_CustomerCodeLabel":"802cefdb-36fb-4c12-bc1c-2f877525ad69","Customer_Form_CustomerCodeInput":"5ea1edb3-057f-45d8-be0b-6423404cd7cc","Customer_Form_CustomerNameLabel":"fca170ec-593a-4f15-a2ba-5f5cf27c5ade","Customer_Form_CustomerNameInput":"6694b243-afd4-49ed-9697-5f79dab24047","Customer_Form_RegionLabel":"d98de62d-d01a-498c-a522-c756a983aac7","Customer_Form_RegionDropdown":"b371765d-b160-4f9c-bd1f-8fe5b984884a","Customer_Form_EmailSection":"d5717c0b-e80d-4599-853a-f2401e88575d","Customer_Form_CustomerEmail1Label":"78d9d7d0-2688-4003-95f9-1798df62dde3","Customer_Form_CustomerEmail1Input":"2d921205-fc0a-45a4-bcbc-49278c94cabd","Customer_Form_CustomerEmail2Label":"81d6faed-2636-497e-9375-5ee68b986a5e","Customer_Form_CustomerEmail2Input":"6142ca88-b9af-4a75-a7ba-6c165cddc00f","Customer_Form_CustomerEmail3Label":"b02d533b-a465-4879-bc63-c880f2bc6e3e","Customer_Form_CustomerEmail3Input":"7a989a81-26ec-44f7-82a8-27aba97629b2","Customer_Form_CustomerEmail4Label":"8b9d0b95-cf0f-467c-b743-dea9abcb99aa","Customer_Form_CustomerEmail4Input":"1ed757d7-adb4-4c50-b2f4-78a967f3e296","Customer_Form_SalesSection":"eb740fee-1c79-4449-af03-055cd1808a64","Customer_Form_SalesEmail1Label":"c078ce71-4aa9-4f83-b119-597bb4a3a5fe","Customer_Form_SalesEmail1Input":"98145be6-6ae4-4795-a012-b2b94eb7f7e7","Customer_Form_SalesEmail2Label":"577565a9-1def-4282-97bb-d38321bc4839","Customer_Form_SalesEmail2Input":"0c0a81b2-bb0a-41d2-a375-6b153de2e0c8","Customer_Form_SalesEmail3Label":"1e718905-f4b5-426a-9f7c-2836bcd112ad","Customer_Form_SalesEmail3Input":"18c4afe6-3de7-4ade-af43-f2a163488fef","Customer_Form_SalesEmail4Label":"b69d5263-5d5f-4ff1-9a77-13523cba1aa8","Customer_Form_SalesEmail4Input":"71b4d19b-8b06-4380-9558-8a6543481d93","Customer_Form_SalesEmail5Label":"b4e03bcb-979a-4aaf-b37f-77bf2949fea8","Customer_Form_SalesEmail5Input":"73070f7e-5dd8-4c34-857a-1153304e1ed4","Customer_Form_ARSection":"1093ea68-6c50-4fa1-ae7b-1f28ee6e51dc","Customer_Form_ARBackupEmail1Label":"380bb782-3627-4da3-a35a-4d110ec3f740","Customer_Form_ARBackupEmail1Input":"0520083d-6c2e-45ba-a4f7-9918365a49ed","Customer_Form_ARBackupEmail2Label":"83837aa5-8bb1-4efc-b5d8-37160768e35f","Customer_Form_ARBackupEmail2Input":"813836d6-d55d-45f6-8a5a-37d723f1e9d0","Customer_Form_ARBackupEmail3Label":"a0c77ae7-082b-401c-9801-5042b5e2daf3","Customer_Form_ARBackupEmail3Input":"24f482c7-7cd4-49fc-b0b0-27a728e81237","Customer_Form_ARBackupEmail4Label":"465150a1-fb36-4ad0-8698-794a437f08a1","Customer_Form_ARBackupEmail4Input":"fa4347de-84e4-400f-83e0-bb8ebf21ab4b","Customer_FormActionBar":"10f03ccf-ef8b-4b2d-9b56-08f6555337f4","Customer_Form_SaveBtn":"aaa8b4a9-44ac-43ec-9a60-d84b92d67af8","Customer_Form_CancelBtn":"7a8ac41f-e5ed-4f43-809e-dc2a428ab6be","scnEmailApproval":"c4ecb64f-6fe6-4810-9ae5-0c2634bb4ec3","EmailApprv_Container":"bc687839-64b0-49c9-a272-042941dd60dc","EmailApprv_Header":"94781c2f-1ca4-43cd-8339-ce45bde73eb8","EmailApprv_MenuIcon":"4c895c4e-b9c5-4ec0-86f8-27bd9e5017a7","EmailApprv_HeaderTitle":"d3d00511-f436-409d-9c33-dfa25ae38259","EmailApprv_NavigationMenu":"1519c986-0e96-4725-a6d2-7c31e3a74fdb","EmailApprv_FilterBar":"3f8c1e08-886a-461d-9124-43423c7811c8","EmailApprv_DateLabel":"87f2ca0f-2343-4be9-808f-3e6bf1c4737f","EmailApprv_DatePicker":"f3b2604e-154a-4aa3-8562-65c643f44a94","EmailApprv_CountLabel":"162efcff-4c52-40d9-96fa-fdfc18b64421","EmailApprv_AutoApproveLabel":"6bbd6a10-7222-452e-b7cc-4f6510327168","EmailApprv_RefreshBtn":"9f2d461b-a5f0-4bbd-bfc7-8066274eea2b","EmailApprv_AutoApproveToggle":"d4cb7a81-a6dc-42fe-b210-56663e151555","EmailApprv_Content":"4699b6ff-cdb4-484f-98ee-069e0224c6f9","EmailApprv_DraftGallery":"7281f69e-59f2-4494-9361-36210b892356","a09c8955-df37-468c-9a6f-696534b0cc63":"d4058be8-8625-4240-b971-c6d09d23ef67","EmailCard":"c37b4dd9-ecdd-4705-851a-6a06ef810e60","EmailCard_CustomerName":"7fae67e9-1e7c-4626-bc0d-529807d81317","EmailCard_Amount":"bfe39e97-9228-4f0b-8487-8481410a21d2","EmailCard_Transactions":"b8ee86d2-1a91-4e72-8d12-302b20312dc2","EmailCard_Template":"0d60bc0a-44e4-41f3-a28f-0694964b4eeb","EmailCard_ViewBtn":"3cbee468-e832-4bc1-8a03-b344cbae4249","EmailApprv_PreviewPanel":"b1b9c442-0691-4629-b021-571ba62f30c1","Preview_Title":"46d7c1ca-0c14-4875-af0b-058e3e9d0366","Preview_ToLabel":"f92e0b94-bb0d-47fc-b0a3-7687434000ce","Preview_CCLabel":"c7cb83b1-be08-4b0e-b8b2-33f99fc2609c","Preview_SubjectLabel":"15c99fc7-d702-4eb9-b464-4b3bcf12a116","Preview_TemplateLabel":"5213c524-7c04-45a6-91cc-7be020e1f85b","Preview_Divider":"d4a5752f-c638-4d74-8105-85c88761b009","Preview_TransactionsTitle":"85cd2596-007f-4bad-9cf8-65e5ae026275","Preview_TransactionsGallery":"4517d884-5761-4912-b73b-af82eced8e10","9d0595b1-70ae-4cba-806e-4d3ea2142dc4":"4b22439a-23e9-420c-a9b9-3bfa81801b25","TransRow":"5b23f716-03c3-42fb-8ce0-adf146023af3","Trans_DocNumber":"e92a3379-5676-462b-b2e0-8e36d3e8c7e6","Trans_Amount":"f463a255-941f-4ef5-b4db-6eb0a45b5d30","Trans_DayCount":"f82c351e-96ad-4f31-bc81-15f38f8d4721","Preview_TotalAmountLabel":"6fee58e7-04d7-4a99-928b-02917f9cd3f8","Preview_QRCodeLabel":"20c17040-00ce-4018-a168-6358e0de0cd9","EmailApprv_ActionBar":"2636b70b-cb9b-413c-a820-6053c1715c60","ActionBar_ButtonContainer":"26286f6f-de4f-4bb5-a011-4b8f5440d8b6","ActionBar_ExcludeBtn":"cf110529-8262-4ef1-bd6d-ae334dff7b9f","ActionBar_SendBtn":"ccbb91be-209d-4f2d-8c62-5fef51fc257b","ActionBar_SummaryLabel":"ec2008d8-c292-47f2-ad87-8d3ade52716c","scnCustomerHistory":"07711eb3-8c16-4093-b412-7cedf32883e7","CustHistory_Container":"35b3c6f8-2895-4eff-8109-f280eaa3d7e1","CustHistory_LastEmailDate":"75386c12-7bd1-415c-9c36-9b7e0c080d30","CustHistory_SelectionRow":"d75a2c77-4522-48a9-b24d-e200446316e5","CustHistory_NavigationMenu":"ded5d191-d71a-437e-ac87-482f5cb3f76c","CustHistory_Header":"b18921b8-66e6-4d8f-889d-fdf082572be9","CustHistory_TransactionTitle":"bc3381c3-d523-4bbf-9e07-347739e51478","CustHistory_EmailHeader":"51771080-098c-4e28-83f5-56c2bf17e07a","CustHistory_TotalEmails":"d26e95d0-8996-4e8b-a9ca-a81a293061a3","CustHistory_EmailSummary":"1b73d451-3c01-4cb7-b2dc-22909f4e1886","Email_AmountColumn":"c71a9cb5-3f3a-4d67-9f59-0744f41b5715","CustHistory_MenuIcon":"79953c58-c9d9-46ad-97a7-b4baae1baf94","Email_DaysColumn":"8678dff2-cb6a-4fac-9fc5-b20ec7d5efde","CustHistory_EmailDateLabel":"6c42439c-9611-43f4-ae82-60a8300fc1a7","Email_DateColumn":"777d4da7-7dc6-4606-b698-ab91855a6241","Email_StatusColumn":"c9e61460-12de-4edc-b177-b8c4560fd785","CustHistory_EmailDateDropdown":"4113d9dc-c24f-4be6-9542-65ed0af8e4e3","CustHistory_HeaderTitle":"e25cf90c-39fa-4108-9b51-f9349d86236d","CustHistory_EmailTable":"31ee689a-52f4-40d8-bf16-b56a1e432196","CustHistory_TotalAmount":"3aa8c648-a817-4ea9-a4ec-6eff49d76f00","CustHistory_TransactionFilters":"d20947f1-1d18-4edf-9805-74c37d9489c6","CustHistory_NoEmailsMessage":"c7df55a0-8abb-4a2d-b96e-d9401532dc61","Email_TemplateColumn":"30d32335-3893-4f57-9bb4-d037af7dbc0e","CustHistory_TypeFilterLabel":"c91146ce-9217-4e7d-9b04-c49832525a3f","CustHistory_NoTransactionsMessage":"665cd334-5646-4687-8577-2d60ac1bc2e6","CustHistory_DateRangeLabel":"9f4affc7-e683-487f-90cb-6e680a7cf6f4","CustHistory_OutstandingAmount":"03e3a222-7ac2-46c3-8ca2-4bea771d6572","Trans_TypeColumn_1":"0504f22f-830a-4406-ac8c-7844aab492b1","CustHistory_EmailSection":"229ed317-cdb3-4b19-9dfe-cc4d71dad01e","Trans_ProcessedColumn_1":"5aee0128-c4f0-4d43-8146-60ec74fe335a","Trans_AmountColumn_1":"db280eee-af6a-4880-b26d-4b3090fee289","CustHistory_TransactionSummary":"92497285-86bf-400f-bce4-299cb4293697","CustHistory_Content":"daf2b36c-c48c-4f84-bef5-b54c77a0afdf","CustHistory_TypeFilterDropdown":"a992d3f9-d096-49aa-b055-ef5ea4c7a2ec","CustHistory_CustomerRegionText":"b2b7ae5d-9fb4-4b64-b0c4-ac3a9dfc1dd1","CustHistory_CustomerInfoRow":"50dd4942-22de-4bfd-8563-e4e84185f2ad","CustHistory_TransactionTable":"d29b9742-a473-4cde-8189-b8a30fb0dc7a","CustHistory_EmailFilters":"a4c18011-8cb3-456e-b33c-017fbed6c5fe","CustHistory_CustomerCombo":"82432fce-c34f-41da-922b-06d4b8a5a70d","Trans_DocumentColumn_1":"6415f9b1-da7d-4f09-8720-e87a7c0e62c8","CustHistory_TransactionSection":"477629d8-f69f-4a1d-86a9-24618441955b","CustHistory_CustomerSelectionPanel":"b209e5cc-741a-4b56-858f-daf45bb89d98","CustomerCode":"ce7cd848-c488-43ca-86dc-f62460074d4a","CustHistory_EmailTitle":"decf442a-059c-42d0-8fc5-3b5c916ef3c0","CustHistory_TransactionHeader":"a1d1a558-c719-4c58-9eee-1e4f42b680d1","CustomerName_1":"2785cea7-284e-4976-a4c0-2d8d13ff3706","CustHistory_CustomerNameText":"75d34678-c4f6-4d1c-8ce4-5a30b475adc1","CustHistory_CustomerCodeText":"21a780a4-9922-48d0-bf9e-e71e10be4e66","CustHistory_CustomerLabel":"a9c97bd1-582b-40a5-80ae-7ad3c949ed83","CustHistory_DateRangeDropdown":"4bc75b66-0883-429f-8a03-95ff71b287f1","Trans_DaysColumn_1":"e78f2243-4f9b-4310-89ef-d27ff7f7aab9","Trans_DateColumn_1":"1b912726-4ef2-427b-8d9d-34022293a07d"}